# --- Sample dataset
 
# --- !Ups
 
delete from address;
delete from department;
delete from employee;
delete from project;
delete from project_employee;

insert into address (id,name,eir_code) values ( 1,'22 Norman Terrace, Bradford','BD2 2JD' );
insert into address (id,name,eir_code) values ( 2,'The Ironworks, Huddersfield','HD4' );
insert into address (id,name,eir_code) values ( 3,'Tanyard Ln, Steyning','BN44' );
insert into address (id,name,eir_code) values ( 4,'3 Cae Tyddyn, Llanrwst','LL26 0BL' );
insert into address (id,name,eir_code) values ( 5,'2 Smiddy Ct, Oldmeldrum, Inverurie','AB51 0GE' );
insert into address (id,name,eir_code) values ( 6,'12 Cummersdale Rd, Carlisle','CA2' );
insert into address (id,name,eir_code) values ( 7,'421 Griffin Dock Rd, Ayr','KA8 8AE' ); 
insert into address (id,name,eir_code) values ( 8,'3 Earls Ct, Fifth Ave, Gateshead','NE11 0HF' ); 
insert into address (id,name,eir_code) values ( 9,'15 Valpy Ave, Norwich','NR3 2EN' ); 
insert into address (id,name,eir_code) values ( 10,'25 The Praze, Penryn','TR10 8DH' ); 
insert into address (id,name,eir_code) values ( 11,'14 Rosemount Ct, West Boldon, East Boldon','NE36 0NG' ); 
insert into address (id,name,eir_code) values ( 12,'15 Eagle Mews, Port Talbot','SA13 1DL' ); 
insert into address (id,name,eir_code) values ( 13,'Greatham Court, 21-23 Old London Rd, Brighton','BN1 8XR' ); 
insert into address (id,name,eir_code) values ( 14,'26 Albert Rd, London','SE20 7JW' ); 
insert into address (id,name,eir_code) values ( 15,'Main St, Pershore','WR10 2NL' ); 
insert into address (id,name,eir_code) values ( 16,'1 Offa St, Hereford HR1','SA13 1DL' ); 
insert into address (id,name,eir_code) values ( 17,'33 Firs Cl, Mitcham','CR4 1AX' ); 
insert into address (id,name,eir_code) values ( 18,'Turning Point, West Bromwich','B70' ); 
insert into address (id,name,eir_code) values ( 19,'Ashdale Mews, Pembroke','SA71' ); 
insert into address (id,name,eir_code) values ( 20,'16 Hunters Ct, Biggar','ML12 6TL'); 
insert into address (id,name,eir_code) values ( 21,'4 Oaklands Terrace, Wiston, Haverfordwest','SA62 4PR' ); 
insert into address (id,name,eir_code) values ( 22,'Blind Ln, Martock','TA12 6LR' ); 
insert into address (id,name,eir_code) values ( 23,'2 Broadfield Cl, Troutbeck Bridge, Windermere','LA23 1HY' ); 
insert into address (id,name,eir_code) values ( 24,'A711, Dalbeattie','DG5' ); 
insert into address (id,name,eir_code) values ( 25,'16 Guernsey Walk, Stoke-on-Trent','ST3 2SP' ); 
insert into address (id,name,eir_code) values ( 26,'2A Rimmer Ave, Liverpool','L16 2NG' ); 

insert into department (id,dep_name) values ( 1,'Production' );
insert into department (id,dep_name) values ( 2,'Research and Development' );
insert into department (id,dep_name) values ( 3,'Purchasing' );
insert into department (id,dep_name) values ( 4,'Marketing' );
insert into department (id,dep_name) values ( 5,'Human Resource Management' );
insert into department (id,dep_name) values ( 6,'Accounting and Finance' );
insert into department (id,dep_name) values ( 7,'IT' ); 
insert into department (id,dep_name) values ( 8,'Management' ); 
 
insert into employee (id,department_id,name,address_id) values ( 1,2,'June Austin',2 );
insert into employee (id,department_id,name,address_id) values ( 2,1,'Margarita Jackson',5 );
insert into employee (id,department_id,name,address_id) values ( 3,4,'Lorene Robinson',6 );
insert into employee (id,department_id,name,address_id) values ( 4,1,'Marie Townsend',4 );
insert into employee (id,department_id,name,address_id) values ( 5,3,'Salvatore Hammond',3 );
insert into employee (id,department_id,name,address_id) values ( 6,3,'Joyce Evans',1 );
insert into employee (id,department_id,name,address_id) values ( 7,4,'Christina James',7 );
insert into employee (id,department_id,name,address_id) values ( 8,5,'Lois Glove',8 );
insert into employee (id,department_id,name,address_id) values ( 9,5,'Mindy Quinn',9 );
insert into employee (id,department_id,name,address_id) values ( 10,7,'Jody Taylor',10 );
insert into employee (id,department_id,name,address_id) values ( 11,8,'Lee Love',12 );
insert into employee (id,department_id,name,address_id) values ( 12,7,'Nora Wright',11 );
insert into employee (id,department_id,name,address_id) values ( 13,7,'Andrew Cox',26 );
insert into employee (id,department_id,name,address_id) values ( 14,1,'Jennifer Jackson',13 );
insert into employee (id,department_id,name,address_id) values ( 15,5,'Joe Thomas',22 );
insert into employee (id,department_id,name,address_id) values ( 16,4,'Donald Wilson',25 );
insert into employee (id,department_id,name,address_id) values ( 17,8,'Henry Anderson',14 );
insert into employee (id,department_id,name,address_id) values ( 18,8,'Sharon Reed',19 );
insert into employee (id,department_id,name,address_id) values ( 19,5,'Roger Simmons',20 );
insert into employee (id,department_id,name,address_id) values ( 20,1,'Anna Bennett',15 );
insert into employee (id,department_id,name,address_id) values ( 21,3,'Carlos Byant',21 );
insert into employee (id,department_id,name,address_id) values ( 22,7,'Frank Taylor',23 );
insert into employee (id,department_id,name,address_id) values ( 23,6,'Eric Patterson',16 );
insert into employee (id,department_id,name,address_id) values ( 24,6,'Doris Diaz',18 );
insert into employee (id,department_id,name,address_id) values ( 25,2,'Alice Moore',24 );
insert into employee (id,department_id,name,address_id) values ( 26,2,'Terry Campbell',17 );

 
insert into project (id,name) values ( 1,'Winterfell' );
insert into project (id,name) values ( 2,'Yoda' );
insert into project (id,name) values ( 3,'Batman' );
insert into project (id,name) values ( 4,'Skyfall' );
insert into project (id,name) values ( 5,'Superman' );
insert into project (id,name) values ( 6,'Minion' );
insert into project (id,name) values ( 7,'Rocky' );
insert into project (id,name) values ( 8,'Goldfinger' );
insert into project (id,name) values ( 9,'Trump' );
insert into project (id,name) values ( 10,'Jedi' );
insert into project (id,name) values ( 11,'Spectre' );
insert into project (id,name) values ( 12,'Spiderman' );
insert into project (id,name) values ( 13,'Wolverine' );
insert into project (id,name) values ( 14,'Monde' );
insert into project (id,name) values ( 15,'Samba' );
 
insert into project_employee (project_id,employee_id) values (5,1);
insert into project_employee (project_id,employee_id) values (5,2);
insert into project_employee (project_id,employee_id) values (1,3);
insert into project_employee (project_id,employee_id) values (3,4);
insert into project_employee (project_id,employee_id) values (3,5);
insert into project_employee (project_id,employee_id) values (8,6);
insert into project_employee (project_id,employee_id) values (6,7);
insert into project_employee (project_id,employee_id) values (7,8);  
insert into project_employee (project_id,employee_id) values (3,9);
insert into project_employee (project_id,employee_id) values (2,10);
insert into project_employee (project_id,employee_id) values (4,11);
insert into project_employee (project_id,employee_id) values (8,12);
insert into project_employee (project_id,employee_id) values (10,13);
insert into project_employee (project_id,employee_id) values (11,14);
insert into project_employee (project_id,employee_id) values (1,15); 
insert into project_employee (project_id,employee_id) values (15,16); 
insert into project_employee (project_id,employee_id) values (13,17); 
insert into project_employee (project_id,employee_id) values (11,18); 
insert into project_employee (project_id,employee_id) values (12,19); 
insert into project_employee (project_id,employee_id) values (14,20);  
insert into project_employee (project_id,employee_id) values (14,21); 
insert into project_employee (project_id,employee_id) values (13,22); 
insert into project_employee (project_id,employee_id) values (12,23); 
insert into project_employee (project_id,employee_id) values (15,24); 
insert into project_employee (project_id,employee_id) values (10,25); 
insert into project_employee (project_id,employee_id) values (9,26); 